"Código IBGE do Município","Nome do Município","Código da Unidade da Federação","Sigla da Unidade da Federação","Nome das Grandes Regiões","Código IBGE da Mesoregião","Nome da Mesoregião","Código IBGE da Microregião","Nome da Microregião","População residente","População residente rural","População residente urbana","Homens","Homens de 1 a 4 anos de idade","Homens de 10 a 14 anos de idade","Homens de 100 anos ou mais de idade","Homens de 15 a 19 anos de idade","Homens de 20 a 24 anos de idade","Homens de 25 a 29 anos de idade","Homens de 30 a 34 anos de idade","Homens de 35 a 39 anos de idade","Homens de 40 a 44 anos de idade","Homens de 45 a 49 anos de idade","Homens de 5 a 9 anos de idade","Homens de 50 a 54 anos de idade","Homens de 55 a 59 anos de idade","Homens de 60 a 64 anos de idade","Homens de 65 a 69 anos de idade","Homens de 70 a 74 anos de idade","Homens de 75 a 79 anos de idade","Homens de 80 a 84 anos de idade","Homens de 85 a 89 anos de idade","Homens de 90 a 94 anos de idade","Homens de 95 a 99 anos de idade","Homens de menos de 1 ano de idade","Homens na área rural","Homens na área urbana","Média de moradores em domicílios particulares ocupados","Mulheres","Mulheres de 1 a 4 anos de idade","Mulheres de 10 a 14 anos de idade","Mulheres de 100 anos ou mais de idade","Mulheres de 15 a 19 anos de idade","Mulheres de 20 a 24 anos de idade","Mulheres de 25 a 29 anos de idade","Mulheres de 30 a 34 anos de idade","Mulheres de 35 a 39 anos de idade","Mulheres de 40 a 44 anos de idade","Mulheres de 45 a 49 anos de idade","Mulheres de 5 a 9 anos de idade","Mulheres de 50 a 54 anos de idade","Mulheres de 55 a 59 anos de idade","Mulheres de 60 a 64 anos de idade","Mulheres de 65 a 69 anos de idade","Mulheres de 70 a 74 anos de idade","Mulheres de 75 a 79 anos de idade","Mulheres de 80 a 84 anos de idade","Mulheres de 85 a 89 anos de idade","Mulheres de 90 a 94 anos de idade","Mulheres de 95 a 99 anos de idade","Mulheres de menos de 1 ano de idade","Mulheres na área rural","Mulheres na área urbana"
"250010","ÁGUA BRANCA","25","PB","Nordeste","2501","SertÒo Paraibano","25007","Serra do Teixeira","9449","5388","4061","4719","315","550",".","526","469","358","307","268","277","237","494","183","151","135","126","105","64","44","20","10","1","79","2768","1951","3.69","4730","294","576",".","496","399","359","314","275","292","236","424","208","175","179","138","126","70","63","27","9","2","68","2620","2110"
"250020","AGUIAR","25","PB","Nordeste","2501","SertÒo Paraibano","25005","Pianc¾","5530","2829","2701","2706","175","274",".","257","183","202","213","177","165","135","255","127","121","90","84","92","52","22","28","13","7","34","1431","1275","3.33","2824","163","277","2","259","214","221","209","172","143","163","226","149","150","100","116","81","62","40","18","9","6","44","1398","1426"
"250030","ALAGOA GRANDE","25","PB","Nordeste","2503","Agreste Paraibano","25015","Brejo Paraibano","28479","10948","17531","13861","929","1518",".","1493","1155","1101","936","850","833","728","1284","546","563","447","384","333","224","152","103","47","13","222","5528","8333","3.55","14618","895","1423","4","1469","1142","1113","1036","906","854","743","1251","641","564","563","522","448","342","252","150","63","22","215","5420","9198"
"250040","ALAGOA NOVA","25","PB","Nordeste","2503","Agreste Paraibano","25015","Brejo Paraibano","19681","9887","9794","9761","697","987","3","991","883","826","693","588","577","475","1008","396","339","315","237","208","153","106","76","22","4","177","5001","4760","3.62","9920","622","936",".","947","904","834","691","617","588","513","847","431","379","386","325","268","182","137","79","53","21","160","4886","5034"
"250050","ALAGOINHA","25","PB","Nordeste","2503","Agreste Paraibano","25016","Guarabira","13576","4542","9034","6704","474","748",".","726","648","553","454","420","374","305","660","252","203","213","179","133","101","68","44","16","9","124","2309","4395","3.67","6872","439","684","1","735","580","521","539","467","394","319","618","267","246","247","201","189","110","89","64","27","15","120","2233","4639"
"250053","ALCANTIL","25","PB","Nordeste","2502","Borborema","25011","Cariri Oriental","5239","3175","2064","2624","177","259","1","292","223","180","196","171","181","144","230","97","83","86","66","63","42","34","31","27","4","37","1617","1007","3.34","2615","161","262","1","249","218","192","193","177","187","157","212","114","101","76","81","61","41","41","27","16","3","45","1558","1057"
"250057","ALGODÃO DE JANDAÍRA","25","PB","Nordeste","2503","Agreste Paraibano","25012","Curimata· Ocidental","2366","1135","1231","1217","108","117",".","136","107","91","96","69","57","59","113","52","42","45","37","26","19","11","5","3","2","22","610","607","3.5","1149","77","110",".","107","113","95","81","69","58","61","116","47","39","54","29","36","18","11","6","5","3","14","525","624"
"250060","ALHANDRA","25","PB","Nordeste","2504","Mata Paraibana","25023","Litoral Sul","18007","6854","11153","8864","666","993","1","919","799","779","721","644","549","460","872","335","255","223","165","120","82","66","32","12","1","170","3454","5410","3.57","9143","687","953","2","892","858","850","782","712","528","487","855","305","314","217","190","151","100","59","23","15","3","160","3400","5743"
"250070","SÃO JOÃO DO RIO DO PEIXE","25","PB","Nordeste","2501","SertÒo Paraibano","25002","Cajazeiras","18201","11316","6885","8940","498","797",".","797","764","696","695","640","557","571","691","438","400","363","319","254","128","118","71","29","8","106","5689","3251","3.38","9261","438","809","2","797","740","779","670","626","626","540","657","474","467","432","361","291","178","127","93","31","19","104","5627","3634"
"250073","AMPARO","25","PB","Nordeste","2502","Borborema","25010","Cariri Ocidental","2088","1026","1062","1047","89","68",".","95","113","86","94","58","53","68","86","43","41","35","26","37","12","11","8","1","1","22","530","517","3.28","1041","72","96",".","102","87","90","76","71","62","59","98","48","28","43","35","29","13","9","5",".","1","17","496","545"
"250077","APARECIDA","25","PB","Nordeste","2501","SertÒo Paraibano","25003","Sousa","7676","4038","3638","3796","255","329","2","316","343","302","297","263","227","244","294","175","160","132","130","124","60","51","25","7","2","58","2051","1745","3.47","3880","242","280",".","315","342","310","284","245","248","245","331","182","162","172","149","146","61","51","44","12","3","56","1987","1893"
"250080","ARAÇAGI","25","PB","Nordeste","2503","Agreste Paraibano","25016","Guarabira","17224","10420","6804","8574","539","928",".","947","695","647","614","515","543","434","715","352","346","326","261","227","164","111","58","26","7","119","5298","3276","3.43","8650","514","854","3","873","727","591","583","558","584","398","702","419","366","325","319","259","181","126","85","43","18","122","5122","3528"
"250090","ARARA","25","PB","Nordeste","2503","Agreste Paraibano","25012","Curimata· Ocidental","12653","3729","8924","6074","388","582",".","607","504","465","420","365","325","301","527","244","231","248","234","198","122","110","51","40","12","100","1926","4148","3.23","6579","375","587","2","612","507","447","383","413","344","318","545","324","313","332","283","242","170","130","77","49","22","104","1803","4776"
"250100","ARARUNA","25","PB","Nordeste","2503","Agreste Paraibano","25013","Curimata· Oriental","18879","9551","9328","9324","610","1099",".","982","812","724","708","567","522","426","992","328","292","280","247","233","123","108","60","20","5","186","4864","4460","3.6","9555","669","1059","4","996","797","702","667","578","562","468","913","373","347","311","265","283","173","121","73","33","9","152","4687","4868"
"250110","AREIA","25","PB","Nordeste","2503","Agreste Paraibano","25015","Brejo Paraibano","23829","9231","14598","11669","810","1143","5","1283","1140","1020","856","711","648","631","1034","485","395","384","281","224","151","134","69","49","17","199","4696","6973","3.75","12160","798","1125","7","1206","1079","1037","821","713","717","669","1045","586","440","420","373","303","223","202","124","57","27","188","4535","7625"
"250115","AREIA DE BARAÚNAS","25","PB","Nordeste","2501","SertÒo Paraibano","25004","Patos","1927","910","1017","963","54","84","1","110","100","88","67","68","52","57","88","40","34","34","23","17","12","8","2","5",".","19","462","501","3.95","964","57","101","1","112","90","74","65","60","63","57","92","36","36","24","26","23","16","8","8","1","4","10","448","516"
"250120","AREIAL","25","PB","Nordeste","2503","Agreste Paraibano","25014","Esperanþa","6470","1870","4600","3058","220","280","1","310","258","242","223","207","180","177","279","130","99","109","84","89","55","32","21","13","2","47","918","2140","3.29","3412","195","292","2","292","285","292","249","199","218","170","298","157","148","145","132","106","71","53","43","6","3","56","952","2460"
"250130","AROEIRAS","25","PB","Nordeste","2503","Agreste Paraibano","25019","Umbuzeiro","19082","9551","9531","9222","607","1074","3","994","701","604","542","579","583","441","935","407","350","318","280","218","175","144","71","30","20","146","4729","4493","3.51","9860","632","1111","2","1034","797","625","577","607","598","524","884","415","376","402","336","287","201","159","70","50","14","159","4822","5038"
"250135","ASSUNÇÃO","25","PB","Nordeste","2502","Borborema","25010","Cariri Ocidental","3522","676","2846","1779","133","184",".","188","155","160","149","101","99","79","169","76","59","56","45","36","15","19","9","7",".","40","361","1418","3.37","1743","103","172","2","169","175","162","127","104","99","83","150","72","78","69","40","41","25","25","16","5","3","23","315","1428"
"250140","BAÍA DA TRAIÇÃO","25","PB","Nordeste","2504","Mata Paraibana","25020","Litoral Norte","8012","4920","3092","4040","347","440",".","419","384","335","322","297","212","206","443","141","121","106","62","59","28","23","11","7",".","77","2499","1541","3.81","3972","321","394","3","425","342","352","320","243","221","213","434","139","121","108","92","71","45","30","18","5","3","72","2421","1551"
"250150","BANANEIRAS","25","PB","Nordeste","2503","Agreste Paraibano","25015","Brejo Paraibano","21851","13183","8668","10784","685","1185","1","1104","893","853","752","707","651","575","1062","463","356","356","290","246","200","134","72","34","2","163","6719","4065","3.68","11067","683","1094","2","1089","941","812","795","685","717","583","1035","485","393","415","325","329","207","163","108","34","16","156","6464","4603"
"250153","BARAÚNA","25","PB","Nordeste","2502","Borborema","25009","Serid¾ Oriental Paraibano","4220","1033","3187","2110","152","207",".","202","201","146","166","149","99","109","202","91","81","69","67","34","40","23","20","9","1","42","533","1577","3.25","2110","132","174","1","167","196","168","154","140","149","119","189","92","71","85","69","63","51","25","20","9","3","33","500","1610"
"250157","BARRA DE SANTANA","25","PB","Nordeste","2502","Borborema","25011","Cariri Oriental","8206","7475","731","4147","244","444",".","426","338","307","235","262","238","252","368","191","189","161","142","89","67","58","44","25","6","61","3780","367","3.38","4059","236","410",".","406","326","279","260","262","255","226","301","191","185","181","154","116","82","56","39","27","6","61","3695","364"
"250160","BARRA DE SANTA ROSA","25","PB","Nordeste","2503","Agreste Paraibano","25012","Curimata· Ocidental","14157","6201","7956","7085","495","714","3","691","637","560","514","446","428","336","643","303","269","263","206","170","111","105","47","34","6","104","3265","3820","3.37","7072","438","701","1","610","627","516","546","401","382","386","634","338","310","272","259","183","136","98","72","28","11","123","2936","4136"
"250170","BARRA DE SÃO MIGUEL","25","PB","Nordeste","2502","Borborema","25011","Cariri Oriental","5611","3247","2364","2918","178","277",".","312","278","224","215","181","149","180","243","141","132","102","88","69","40","38","11","10","6","44","1747","1171","3.43","2693","155","269",".","269","224","208","158","145","182","153","224","147","115","101","78","74","52","46","33","15","5","40","1500","1193"
"250180","BAYEUX","25","PB","Nordeste","2504","Mata Paraibana","25022","JoÒo Pessoa","99716","923","98793","47736","3188","4769","5","4678","4623","4354","4271","3719","3392","2659","4211","1913","1450","1266","897","747","400","228","138","39","19","770","464","47272","3.56","51980","3109","4688","8","4711","4829","4615","4469","4086","3884","2993","4145","2268","1907","1702","1247","1093","631","420","235","111","34","795","459","51521"
"250190","BELÉM","25","PB","Nordeste","2503","Agreste Paraibano","25016","Guarabira","17093","2981","14112","8345","507","805","1","825","747","646","645","535","467","428","741","321","313","309","283","233","180","111","75","39","9","125","1556","6789","3.3","8748","460","813","4","801","741","673","679","535","516","434","683","381","417","392","327","303","179","142","92","44","14","118","1425","7323"
"250200","BELÉM DO BREJO DO CRUZ","25","PB","Nordeste","2501","SertÒo Paraibano","25001","CatolÚ do Rocha","7143","1883","5260","3607","189","347",".","368","310","303","266","273","242","202","335","139","131","132","94","99","54","39","20","11","2","51","1029","2578","3.62","3536","209","286",".","314","293","275","261","254","216","208","320","200","147","144","118","95","58","45","22","11","6","54","854","2682"
"250205","BERNARDINO BATISTA","25","PB","Nordeste","2501","SertÒo Paraibano","25002","Cajazeiras","3075","2217","858","1476","126","190",".","148","107","113","104","74","74","79","157","52","62","53","42","27","12","19","5","4","3","25","1078","398","3.83","1599","119","166",".","181","133","118","110","84","102","63","174","75","67","46","35","35","25","18","14","7","1","26","1139","460"
"250210","BOA VENTURA","25","PB","Nordeste","2501","SertÒo Paraibano","25006","Itaporanga","5751","2229","3522","2899","190","285",".","306","302","267","216","184","140","147","241","126","110","97","83","56","49","30","18","11","3","38","1180","1719","3.84","2852","167","266",".","281","268","249","209","192","130","141","222","138","131","129","92","69","45","34","19","13","4","53","1049","1803"
"250215","BOA VISTA","25","PB","Nordeste","2503","Agreste Paraibano","25017","Campina Grande","6227","3019","3208","3085","167","271",".","300","307","274","251","187","203","166","265","160","117","98","78","61","33","40","20","13",".","74","1559","1526","3.59","3142","181","260","1","310","300","245","253","186","207","183","261","158","128","87","83","88","67","45","32","12","4","51","1460","1682"
"250220","BOM JESUS","25","PB","Nordeste","2501","SertÒo Paraibano","25002","Cajazeiras","2400","1412","988","1219","76","128",".","128","106","96","96","76","72","69","109","48","44","44","34","28","20","20","8","3","1","13","747","472","3.43","1181","77","120",".","97","102","84","93","75","84","54","102","56","43","47","43","33","24","13","7","7","2","18","665","516"
"250230","BOM SUCESSO","25","PB","Nordeste","2501","SertÒo Paraibano","25001","CatolÚ do Rocha","5035","3005","2030","2477","144","231","2","212","200","180","154","181","169","163","176","117","109","124","93","70","51","31","24","6","3","37","1486","991","3.32","2558","125","205","1","214","171","172","199","171","178","190","185","120","122","126","98","103","52","36","32","16","1","41","1519","1039"
"250240","BONITO DE SANTA FÉ","25","PB","Nordeste","2501","SertÒo Paraibano","25002","Cajazeiras","10804","3405","7399","5350","435","507","3","542","524","452","421","321","318","256","528","198","182","158","120","102","62","57","21","25","13","105","1758","3592","3.85","5454","429","529","1","525","557","456","433","343","289","256","474","221","198","178","158","120","83","53","27","20","4","100","1647","3807"
"250250","BOQUEIRÃO","25","PB","Nordeste","2502","Borborema","25011","Cariri Oriental","16888","4882","12006","8323","559","805","2","859","815","716","590","558","487","470","748","357","254","268","225","184","106","87","50","33","5","145","2538","5785","3.47","8565","577","754","2","893","748","718","573","572","525","485","706","348","341","350","274","197","144","112","70","32","13","131","2344","6221"
"250260","IGARACY","25","PB","Nordeste","2501","SertÒo Paraibano","25005","Pianc¾","6156","2035","4121","3019","199","335",".","299","264","211","179","186","198","170","277","149","122","100","101","70","43","42","16","11","1","46","1052","1967","3.55","3137","169","312",".","303","272","243","188","195","189","171","262","173","165","131","95","85","74","31","25","9","6","39","983","2154"
"250270","BORBOREMA","25","PB","Nordeste","2503","Agreste Paraibano","25015","Brejo Paraibano","5111","1379","3732","2558","156","292",".","272","186","208","190","167","127","130","291","101","76","92","60","55","47","24","15","8","2","59","714","1844","3.64","2553","150","253","3","257","187","209","190","148","132","136","275","116","90","88","96","74","52","39","17","6","3","32","665","1888"
"250280","BREJO DO CRUZ","25","PB","Nordeste","2501","SertÒo Paraibano","25001","CatolÚ do Rocha","13123","3225","9898","6510","443","613","1","637","708","573","481","406","402","404","560","284","222","184","126","144","96","71","36","18","5","96","1736","4774","3.61","6613","412","599","1","604","608","574","498","435","461","408","498","309","246","226","188","161","100","110","46","16","5","108","1489","5124"
"250290","BREJO DOS SANTOS","25","PB","Nordeste","2501","SertÒo Paraibano","25001","CatolÚ do Rocha","6198","1564","4634","3094","188","302","2","279","287","241","226","230","176","194","243","148","125","118","95","67","42","48","24","15","5","39","822","2272","3.39","3104","186","256","1","246","270","224","221","204","207","185","277","178","150","133","102","82","47","54","20","22","6","33","742","2362"
"250300","CAAPORÃ","25","PB","Nordeste","2504","Mata Paraibana","25023","Litoral Sul","20362","2814","17548","10090","713","1154",".","1048","939","985","827","689","573","507","1076","371","284","219","168","132","91","58","38","10","6","202","1426","8664","3.72","10272","761","1095","1","1075","932","974","889","721","610","450","1017","413","325","235","211","147","86","64","41","9","6","210","1388","8884"
"250310","CABACEIRAS","25","PB","Nordeste","2502","Borborema","25011","Cariri Oriental","5035","2818","2217","2493","172","200",".","254","224","181","193","167","135","147","209","113","98","107","87","63","47","16","19","13","2","46","1443","1050","3.33","2542","161","235","3","230","208","200","164","160","157","153","200","134","99","103","96","64","47","46","23","18","3","38","1375","1167"
"250320","CABEDELO","25","PB","Nordeste","2504","Mata Paraibana","25022","JoÒo Pessoa","57944","8","57936","27630","1830","2511","2","2469","2675","2591","2402","2150","1948","1736","2397","1325","1024","734","518","345","237","135","64","25","8","504","5","27625","3.36","30314","1787","2465","13","2505","2787","2973","2790","2446","2148","1947","2281","1547","1126","903","663","552","405","283","141","59","18","475","3","30311"
"250330","CACHOEIRA DOS ÍNDIOS","25","PB","Nordeste","2501","SertÒo Paraibano","25002","Cajazeiras","9546","6143","3403","4820","277","473",".","498","489","423","370","313","286","243","393","173","171","174","143","137","86","51","28","14","2","76","3146","1674","3.66","4726","279","447","3","457","397","415","315","270","275","223","427","232","197","193","189","123","100","60","42","14","3","65","2997","1729"
"250340","CACIMBA DE AREIA","25","PB","Nordeste","2501","SertÒo Paraibano","25004","Patos","3557","1883","1674","1779","104","150",".","179","174","165","121","115","113","106","157","78","81","63","48","43","16","24","9","6","4","23","968","811","3.44","1778","107","151",".","188","153","167","125","119","119","96","138","76","76","64","52","48","27","16","17","8","2","29","915","863"
"250350","CACIMBA DE DENTRO","25","PB","Nordeste","2503","Agreste Paraibano","25013","Curimata· Oriental","16748","7590","9158","8217","556","935",".","919","706","576","507","453","483","436","791","320","257","290","252","237","156","108","61","23","4","147","3809","4408","3.62","8531","514","865","3","839","721","619","523","466","496","491","777","361","297","357","297","329","181","129","76","42","11","137","3781","4750"
"250355","CACIMBAS","25","PB","Nordeste","2501","SertÒo Paraibano","25007","Serra do Teixeira","6814","5173","1641","3284","297","435",".","399","277","202","192","150","155","122","425","140","92","71","79","66","41","39","15","1","1","85","2516","768","3.76","3530","335","427",".","378","318","243","208","181","166","151","405","134","93","123","78","88","59","36","11","14","5","77","2657","873"
"250360","CAIÇARA","25","PB","Nordeste","2503","Agreste Paraibano","25016","Guarabira","7220","2030","5190","3619","231","354","2","417","317","299","228","245","233","174","308","143","131","115","108","98","67","55","30","10","3","51","1050","2569","3.43","3601","216","360","1","343","283","248","285","270","245","204","295","142","132","144","133","98","64","46","22","17","5","48","980","2621"
"250370","CAJAZEIRAS","25","PB","Nordeste","2501","SertÒo Paraibano","25002","Cajazeiras","58446","10945","47501","27938","1729","2550","3","2698","2751","2605","2318","1859","1703","1499","2261","1214","1119","932","729","622","402","300","171","46","16","411","5612","22326","3.37","30508","1658","2507","5","2717","2932","2759","2466","2024","1992","1648","2124","1530","1445","1213","944","830","554","405","251","84","32","388","5333","25175"
"250375","CAJAZEIRINHAS","25","PB","Nordeste","2501","SertÒo Paraibano","25003","Sousa","3033","2033","1000","1548","116","149",".","136","147","144","108","88","95","87","127","69","67","47","52","31","19","22","9","9",".","26","1031","517","3.67","1485","90","136",".","131","144","131","97","88","110","84","155","69","65","49","40","32","23","10","4","4","1","22","1002","483"
"250380","CALDAS BRANDÃO","25","PB","Nordeste","2503","Agreste Paraibano","25018","Itabaiana","5637","2413","3224","2802","177","312","1","283","272","202","224","174","196","145","243","112","90","112","79","66","37","25","15","5","1","31","1221","1581","3.3","2835","152","273",".","309","237","208","194","223","190","143","232","105","108","114","109","77","49","41","23","11","3","34","1192","1643"
"250390","CAMALAÚ","25","PB","Nordeste","2502","Borborema","25010","Cariri Ocidental","5749","2862","2887","2840","195","307","1","262","243","190","226","197","164","160","233","131","95","128","75","86","41","42","18","7",".","39","1500","1340","3.09","2909","166","294",".","271","227","177","193","185","203","161","264","137","122","138","84","90","61","48","27","5","3","53","1362","1547"
"250400","CAMPINA GRANDE","25","PB","Nordeste","2503","Agreste Paraibano","25017","Campina Grande","385213","18004","367209","182205","11429","17052","19","17280","18062","17393","15141","12703","12248","10702","15149","8462","6748","5401","3766","3021","1918","1360","876","353","106","3016","9014","173191","3.43","203008","10971","16379","58","17487","18939","18490","16584","14723","14171","12913","14716","10301","8548","7400","5515","4874","3228","2510","1487","682","243","2789","8990","194018"
"250403","CAPIM","25","PB","Nordeste","2504","Mata Paraibana","25020","Litoral Norte","5601","1495","4106","2815","206","351",".","306","246","226","254","172","147","117","304","98","84","77","53","45","33","21","6","5",".","64","767","2048","3.83","2786","214","290",".","297","227","219","223","188","147","122","311","101","100","88","75","56","38","16","15","5",".","54","728","2058"
"250407","CARAÚBAS","25","PB","Nordeste","2502","Borborema","25011","Cariri Oriental","3899","2382","1517","1972","125","184",".","189","154","126","128","116","136","116","188","90","86","98","77","52","37","28","10","6","4","22","1237","735","3.26","1927","107","169",".","167","149","142","127","132","109","115","192","91","82","83","76","66","27","31","20","14","3","25","1145","782"
"250410","CARRAPATEIRA","25","PB","Nordeste","2501","SertÒo Paraibano","25002","Cajazeiras","2378","665","1713","1247","70","142",".","129","116","113","91","82","94","65","100","54","42","36","30","29","15","13","3","2","1","20","362","885","4.01","1131","79","142",".","116","102","85","75","81","77","59","97","52","39","21","37","23","23","5","3",".",".","15","303","828"
"250415","CASSERENGUE","25","PB","Nordeste","2503","Agreste Paraibano","25013","Curimata· Oriental","7058","3600","3458","3549","263","402",".","409","296","253","215","215","213","171","335","150","107","123","106","89","55","42","25","10","6","64","1851","1698","3.62","3509","219","375",".","381","291","258","215","215","211","182","333","152","146","127","118","84","71","48","26","11","3","43","1749","1760"
"250420","CATINGUEIRA","25","PB","Nordeste","2501","SertÒo Paraibano","25005","Pianc¾","4812","1928","2884","2413","161","257","4","242","215","210","159","131","137","136","247","98","97","70","80","49","36","22","10","9","4","39","1020","1393","3.68","2399","150","213",".","225","224","194","197","129","135","139","208","116","121","87","54","72","44","35","14","9","2","31","908","1491"
"250430","CATOLÉ DO ROCHA","25","PB","Nordeste","2501","SertÒo Paraibano","25001","CatolÚ do Rocha","28759","7436","21323","14028","870","1230","3","1292","1343","1279","1159","928","880","899","1179","617","534","403","357","311","187","161","104","51","19","222","3886","10142","3.48","14731","803","1128","3","1298","1327","1289","1228","1000","968","937","1140","744","657","547","416","379","266","212","108","53","20","208","3550","11181"
"250435","CATURITÉ","25","PB","Nordeste","2502","Borborema","25011","Cariri Oriental","4543","3519","1024","2300","169","215",".","238","187","189","177","141","160","119","206","109","75","83","65","52","38","21","12","6","4","34","1795","505","3.42","2243","141","205",".","209","189","171","166","140","148","134","206","87","96","84","69","48","47","32","19","7","2","43","1724","519"
"250440","CONCEIÇÃO","25","PB","Nordeste","2501","SertÒo Paraibano","25006","Itaporanga","18363","6930","11433","9120","561","878","4","922","955","747","683","613","551","517","781","413","334","313","241","188","111","75","48","38","6","141","3621","5499","3.57","9243","555","830","4","863","852","769","699","630","531","520","780","430","397","355","292","243","142","105","48","50","14","134","3309","5934"
"250450","CONDADO","25","PB","Nordeste","2501","SertÒo Paraibano","25003","Sousa","6584","2022","4562","3215","195","302",".","309","292","204","209","199","202","212","276","140","155","109","112","99","52","41","37","15","6","49","1027","2188","3.45","3369","203","277","1","282","248","245","235","214","213","243","267","188","163","136","126","107","73","47","24","19","8","50","995","2374"
"250460","CONDE","25","PB","Nordeste","2504","Mata Paraibana","25022","JoÒo Pessoa","21400","6913","14487","10763","881","1131","2","1078","1040","999","851","737","630","535","1060","432","363","290","214","164","83","45","25","9","1","193","3539","7224","3.68","10637","757","1081",".","1124","1019","978","902","747","678","478","989","411","383","279","216","158","78","65","44","13","2","235","3374","7263"
"250470","CONGO","25","PB","Nordeste","2502","Borborema","25010","Cariri Ocidental","4687","1745","2942","2378","147","227",".","255","162","156","184","163","170","156","244","96","64","89","69","68","45","28","24","9","1","21","940","1438","3.17","2309","120","222","4","195","185","169","174","162","145","132","204","97","96","88","88","63","56","36","25","13","5","30","805","1504"
"250480","COREMAS","25","PB","Nordeste","2501","SertÒo Paraibano","25005","Pianc¾","15149","3730","11419","7421","471","787","2","704","658","600","514","463","469","427","679","335","279","271","203","163","101","72","53","20","10","140","1935","5486","3.47","7728","444","769","6","678","662","627","578","494","467","455","631","383","325","313","261","227","141","70","56","27","12","102","1795","5933"
"250485","COXIXOLA","25","PB","Nordeste","2502","Borborema","25010","Cariri Ocidental","1771","989","782","916","42","72",".","85","87","82","59","63","70","66","59","48","29","37","29","25","19","15","9","5","3","12","520","396","3.01","855","35","61","2","73","69","61","57","55","69","53","56","38","37","47","39","33","19","23","10","4","4","10","469","386"
"250490","CRUZ DO ESPÍRITO SANTO","25","PB","Nordeste","2504","Mata Paraibana","25021","SapÚ","16257","8817","7440","8093","586","877",".","810","710","709","623","620","515","435","823","332","210","227","176","115","79","66","35","9",".","136","4479","3614","3.85","8164","554","877","6","768","733","728","691","594","500","389","801","315","248","246","200","155","89","70","39","24","8","129","4338","3826"
"250500","CUBATI","25","PB","Nordeste","2502","Borborema","25009","Serid¾ Oriental Paraibano","6866","2097","4769","3393","254","351","1","317","328","272","244","214","213","189","326","132","89","127","84","62","42","47","22","15","2","62","1102","2291","3.38","3473","256","309",".","306","342","284","245","199","208","181","316","138","133","130","113","89","58","59","28","23","12","44","995","2478"
"250510","CUITÉ","25","PB","Nordeste","2503","Agreste Paraibano","25012","Curimata· Ocidental","19978","6516","13462","9833","631","986","1","912","977","751","663","606","591","545","836","446","385","348","302","284","188","114","91","31","7","138","3433","6400","3.39","10145","561","924","5","880","977","748","662","696","660","596","737","455","450","389","342","343","220","191","113","59","13","124","3083","7062"
"250520","CUITEGI","25","PB","Nordeste","2503","Agreste Paraibano","25016","Guarabira","6889","1281","5608","3389","215","391",".","368","314","278","236","230","187","156","323","105","112","107","91","71","54","45","24","14","7","61","671","2718","3.61","3500","234","380",".","344","303","255","266","226","175","168","300","151","138","124","114","95","70","50","22","19","6","60","610","2890"
"250523","CUITÉ DE MAMANGUAPE","25","PB","Nordeste","2504","Mata Paraibana","25020","Litoral Norte","6202","4133","2069","3100","212","358",".","288","268","240","199","180","208","167","276","150","122","102","74","77","44","30","30","12","3","60","2097","1003","3.58","3102","186","347",".","340","245","238","199","189","200","153","261","142","114","113","118","84","64","26","28","12","1","42","2036","1066"
"250527","CURRAL DE CIMA","25","PB","Nordeste","2504","Mata Paraibana","25020","Litoral Norte","5209","4736","473","2632","179","302","1","299","206","189","211","182","138","121","239","100","102","86","79","62","44","29","13","8","1","41","2407","225","3.55","2577","191","256","2","272","215","176","200","156","153","104","234","95","104","98","69","87","61","34","16","10","3","41","2329","248"
"250530","CURRAL VELHO","25","PB","Nordeste","2501","SertÒo Paraibano","25006","Itaporanga","2505","1095","1410","1304","87","127",".","140","131","122","93","95","78","81","124","42","50","42","25","25","6","10","5","3",".","18","592","712","3.84","1201","71","130","2","130","117","109","77","85","68","63","97","49","39","47","39","19","16","12","5","5",".","21","503","698"
"250535","DAMIÃO","25","PB","Nordeste","2503","Agreste Paraibano","25012","Curimata· Ocidental","4900","2622","2278","2460","162","287",".","275","228","188","171","155","141","112","218","104","74","84","58","57","37","34","13","9","1","52","1343","1117","3.56","2440","185","295",".","227","220","180","161","139","119","127","231","107","95","87","59","56","41","30","20","14","4","43","1279","1161"
"250540","DESTERRO","25","PB","Nordeste","2501","SertÒo Paraibano","25007","Serra do Teixeira","7991","3102","4889","3893","273","432",".","429","323","294","244","238","241","189","404","166","135","134","127","90","55","34","21","7","3","54","1556","2337","3.45","4098","268","426",".","407","305","330","290","259","245","201","382","165","178","176","130","108","72","48","28","16","5","59","1546","2552"
"250550","VISTA SERRANA","25","PB","Nordeste","2501","SertÒo Paraibano","25003","Sousa","3512","1926","1586","1821","116","178",".","190","172","177","141","133","99","95","181","67","47","51","54","29","23","19","10","5",".","34","1002","819","3.8","1691","106","141",".","154","152","146","140","141","115","81","131","71","68","62","48","42","25","23","14","3","2","26","924","767"
"250560","DIAMANTE","25","PB","Nordeste","2501","SertÒo Paraibano","25006","Itaporanga","6616","2798","3818","3331","184","333",".","409","353","274","265","209","180","163","299","127","124","107","78","64","50","34","23","7","7","41","1473","1858","3.75","3285","210","351","1","325","308","272","223","201","208","155","276","170","136","127","89","77","36","40","22","12","5","41","1325","1960"
"250570","DONA INÊS","25","PB","Nordeste","2503","Agreste Paraibano","25013","Curimata· Oriental","10517","5862","4655","5277","368","636",".","608","444","367","359","315","285","257","490","198","166","181","157","127","89","90","50","17","4","69","2999","2278","3.55","5240","361","600","2","507","431","387","342","313","267","231","498","214","188","236","162","162","86","90","42","21","8","92","2863","2377"
"250580","DUAS ESTRADAS","25","PB","Nordeste","2503","Agreste Paraibano","25016","Guarabira","3638","799","2839","1790","91","195",".","203","150","153","104","101","118","90","174","60","52","70","60","49","35","30","21","6","3","25","430","1360","3.37","1848","117","188","2","166","142","118","116","108","114","104","154","83","81","72","88","70","34","20","22","11","6","32","369","1479"
"250590","EMAS","25","PB","Nordeste","2501","SertÒo Paraibano","25005","Pianc¾","3317","1185","2132","1673","146","188","1","159","153","149","138","102","93","74","163","46","61","50","39","37","23","11","10","4","4","22","638","1035","3.99","1644","115","170",".","129","170","156","137","106","97","64","157","71","71","53","47","37","20","16","7","3","2","16","547","1097"
"250600","ESPERANÇA","25","PB","Nordeste","2503","Agreste Paraibano","25014","Esperanþa","31095","9464","21631","15155","1045","1526","2","1373","1409","1284","1225","986","968","796","1401","603","530","457","400","342","210","180","98","52","10","258","4832","10323","3.41","15940","1018","1459","4","1386","1360","1342","1239","1010","973","886","1293","721","612","622","500","447","301","240","159","70","26","272","4632","11308"
"250610","FAGUNDES","25","PB","Nordeste","2503","Agreste Paraibano","25017","Campina Grande","11405","5940","5465","5607","379","625","2","632","479","403","329","323","329","281","526","220","221","228","185","133","83","68","40","24","6","91","3000","2607","3.51","5798","407","583","3","629","436","424","348","321","352","265","505","269","287","233","204","173","110","86","50","25","4","84","2940","2858"
"250620","FREI MARTINHO","25","PB","Nordeste","2502","Borborema","25009","Serid¾ Oriental Paraibano","2933","1126","1807","1468","88","108",".","117","128","110","112","85","91","98","119","70","64","71","55","41","30","37","18","4",".","22","593","875","3.04","1465","67","134",".","98","125","133","101","85","87","83","84","91","60","76","48","69","31","25","26","15","6","21","533","932"
"250625","GADO BRAVO","25","PB","Nordeste","2503","Agreste Paraibano","25019","Umbuzeiro","8376","7468","908","4133","284","489",".","480","365","304","240","231","254","198","372","154","166","172","113","85","55","51","26","14","3","77","3708","425","3.75","4243","258","454","2","478","355","297","273","258","253","202","362","194","190","154","132","102","74","64","29","34","1","77","3760","483"
"250630","GUARABIRA","25","PB","Nordeste","2503","Agreste Paraibano","25016","Guarabira","55326","6366","48960","26693","1692","2524","1","2509","2529","2522","2217","1930","1800","1424","2251","1190","894","773","623","540","391","250","137","57","24","415","3291","23402","3.39","28633","1637","2484","6","2593","2585","2527","2392","2160","1957","1586","2137","1275","1040","959","874","759","533","377","217","89","22","424","3075","25558"
"250640","GURINHÉM","25","PB","Nordeste","2503","Agreste Paraibano","25018","Itabaiana","13872","8077","5795","6920","468","766","2","715","616","570","529","473","451","337","583","283","222","204","193","157","111","76","31","15","8","110","4078","2842","3.57","6952","391","646","1","665","544","560","542","483","442","378","650","272","249","256","249","189","105","109","69","26","4","122","3999","2953"
"250650","GURJÃO","25","PB","Nordeste","2502","Borborema","25011","Cariri Oriental","3159","1031","2128","1550","83","141",".","142","157","113","104","102","98","114","132","69","67","59","49","36","19","23","17","2","1","22","555","995","3.35","1609","90","153",".","134","156","104","112","113","109","99","107","82","71","68","60","46","28","26","9","10","4","28","476","1133"
"250660","IBIARA","25","PB","Nordeste","2501","SertÒo Paraibano","25006","Itaporanga","6031","2345","3686","3033","188","320","1","297","265","236","200","214","150","182","252","143","123","92","124","81","52","33","20","11","8","41","1261","1772","3.41","2998","160","259","3","269","230","229","194","217","191","179","218","160","141","148","120","104","67","36","19","14","5","35","1084","1914"
"250670","IMACULADA","25","PB","Nordeste","2501","SertÒo Paraibano","25007","Serra do Teixeira","11352","6289","5063","5707","472","706",".","580","570","445","395","351","304","254","635","174","187","140","134","109","59","38","33","11","2","108","3245","2462","3.9","5645","420","682","1","565","523","417","380","345","305","248","632","243","198","169","156","110","75","56","19","14","3","84","3044","2601"
"250680","INGÁ","25","PB","Nordeste","2503","Agreste Paraibano","25018","Itabaiana","18180","6581","11599","8838","571","947","2","990","717","632","646","555","521","454","853","363","354","309","240","202","141","102","65","27","10","137","3255","5583","3.46","9342","576","977","6","897","739","687","654","605","540","483","788","396","422","348","320","271","195","160","88","55","10","125","3326","6016"
"250690","ITABAIANA","25","PB","Nordeste","2503","Agreste Paraibano","25018","Itabaiana","24481","4750","19731","11851","735","1126","2","1121","1074","962","924","857","790","701","993","534","439","379","317","293","162","130","80","39","8","185","2399","9452","3.28","12630","644","1099","10","1122","1052","983","970","943","878","735","919","630","529","508","470","379","239","183","103","55","18","161","2351","10279"
"250700","ITAPORANGA","25","PB","Nordeste","2501","SertÒo Paraibano","25006","Itaporanga","23192","5563","17629","11389","775","1125","1","1150","1111","1048","929","818","677","560","1042","405","392","315","278","232","152","90","64","23","8","194","2922","8467","3.6","11803","755","1049","3","1115","1138","1062","977","852","715","594","970","509","460","406","333","300","182","129","52","30","10","162","2641","9162"
"250710","ITAPOROROCA","25","PB","Nordeste","2504","Mata Paraibana","25020","Litoral Norte","16997","6141","10856","8560","583","889","2","858","778","745","675","540","519","413","771","333","294","282","238","194","134","97","58","17","3","137","3227","5333","3.55","8437","576","788","3","809","776","670","659","569","473","414","713","357","318","324","262","219","155","91","67","36","10","148","2914","5523"
"250720","ITATUBA","25","PB","Nordeste","2503","Agreste Paraibano","25018","Itabaiana","10201","4246","5955","5049","329","495","2","575","486","419","349","312","262","254","470","190","207","174","142","105","58","55","43","11","9","102","2141","2908","3.59","5152","343","511","3","520","473","409","333","333","300","241","451","231","236","201","153","113","106","61","32","15","7","80","2105","3047"
"250730","JACARAÚ","25","PB","Nordeste","2504","Mata Paraibana","25020","Litoral Norte","13942","5910","8032","6918","475","731","1","734","574","528","446","444","384","378","642","293","238","239","244","173","115","89","60","22","7","101","3074","3844","3.42","7024","459","698","1","723","575","517","450","455","441","351","591","289","302","275","240","219","159","93","54","18","4","110","2836","4188"
"250740","JERICÓ","25","PB","Nordeste","2501","SertÒo Paraibano","25001","CatolÚ do Rocha","7538","2809","4729","3694","192","378","1","366","304","293","262","247","194","242","320","174","145","137","112","102","58","41","27","19","8","72","1449","2245","3.57","3844","218","327",".","373","293","292","282","242","272","229","324","192","189","148","135","113","68","49","26","16","5","51","1360","2484"
"250750","JOÃO PESSOA","25","PB","Nordeste","2504","Mata Paraibana","25022","JoÒo Pessoa","723515","2730","720785","337783","20196","29086","22","30592","33683","33549","29803","24961","23728","21330","26685","16888","13015","10212","6953","5083","3083","1979","1127","427","116","5265","1374","336409","3.37","385732","19766","28364","90","31522","36775","37240","33751","29603","28604","25642","25727","20885","17153","13872","10063","8298","5556","4086","2316","992","360","5067","1356","384376"
"250760","JUAREZ TÁVORA","25","PB","Nordeste","2503","Agreste Paraibano","25018","Itabaiana","7459","1607","5852","3641","242","401","1","379","312","323","241","216","231","199","336","155","98","100","100","95","68","40","34","9","1","60","796","2845","3.41","3818","249","350",".","367","336","298","300","245","240","198","343","161","119","116","118","118","88","60","31","15","5","61","811","3007"
"250770","JUAZEIRINHO","25","PB","Nordeste","2502","Borborema","25009","Serid¾ Oriental Paraibano","16776","7652","9124","8366","672","852","1","846","853","765","660","490","469","384","847","267","270","236","182","166","104","64","43","18","13","164","3934","4432","3.73","8410","632","837","2","802","840","719","590","498","459","411","867","344","287","269","225","199","103","107","58","28","10","123","3718","4692"
"250780","JUNCO DO SERIDÓ","25","PB","Nordeste","2502","Borborema","25008","Serid¾ Ocidental Paraibano","6643","2274","4369","3308","215","334","1","320","323","290","235","234","175","173","286","169","132","106","76","64","39","42","22","7","1","64","1178","2130","3.5","3335","225","303","1","321","293","305","254","209","206","182","297","124","135","113","90","88","47","50","18","7","3","64","1096","2239"
"250790","JURIPIRANGA","25","PB","Nordeste","2504","Mata Paraibana","25021","SapÚ","10237","651","9586","5129","363","526",".","556","450","455","422","287","308","226","493","166","157","161","145","118","97","49","35","18","7","90","343","4786","3.52","5108","349","433","3","476","479","464","383","323","295","227","445","208","203","184","192","133","89","65","37","26","8","86","308","4800"
"250800","JURU","25","PB","Nordeste","2501","SertÒo Paraibano","25007","Serra do Teixeira","9826","5467","4359","4897","269","535",".","544","505","415","333","298","284","267","413","189","195","192","131","99","67","41","25","9","4","82","2798","2099","3.62","4929","313","515","1","516","416","354","342","325","294","250","442","229","235","192","142","112","87","56","19","10","3","76","2669","2260"
"250810","LAGOA","25","PB","Nordeste","2501","SertÒo Paraibano","25001","CatolÚ do Rocha","4681","2377","2304","2304","139","231",".","227","184","188","183","147","136","123","197","96","98","81","77","66","39","34","16","14","2","26","1195","1109","3.56","2377","120","196","2","222","209","177","184","138","156","130","199","119","132","102","78","77","49","31","13","10","6","27","1182","1195"
"250820","LAGOA DE DENTRO","25","PB","Nordeste","2503","Agreste Paraibano","25016","Guarabira","7370","3395","3975","3626","256","381","2","392","292","231","250","216","237","181","310","149","145","130","132","91","75","60","28","13","4","51","1709","1917","3.39","3744","248","372",".","389","284","255","221","246","227","207","295","171","149","125","150","139","99","52","34","17","5","59","1686","2058"
"250830","LAGOA SECA","25","PB","Nordeste","2503","Agreste Paraibano","25017","Campina Grande","25900","15330","10570","12743","912","1221","2","1210","1165","1123","953","880","816","688","1214","539","418","422","339","264","148","106","82","34","7","200","7702","5041","3.6","13157","811","1215","9","1230","1213","1108","999","952","837","718","1108","572","442","504","357","318","207","164","102","37","18","236","7628","5529"
"250840","LASTRO","25","PB","Nordeste","2501","SertÒo Paraibano","25003","Sousa","2841","1506","1335","1438","83","114",".","117","131","143","105","89","80","89","103","91","65","78","36","35","12","12","17","8","2","28","764","674","3.85","1403","81","122",".","118","138","130","96","92","77","78","118","69","63","62","56","32","22","10","11","6","1","21","742","661"
"250850","LIVRAMENTO","25","PB","Nordeste","2502","Borborema","25010","Cariri Ocidental","7164","3412","3752","3524","271","376","1","326","322","271","271","204","188","180","340","132","128","136","97","72","58","44","31","10","2","64","1741","1783","3.49","3640","228","377","1","334","320","287","238","222","190","194","329","143","168","160","85","118","65","56","35","11","5","74","1671","1969"
"250855","LOGRADOURO","25","PB","Nordeste","2503","Agreste Paraibano","25016","Guarabira","3942","2219","1723","1938","144","186","2","203","203","158","149","127","104","109","148","70","61","58","63","42","34","27","10","6",".","34","1111","827","3.56","2004","130","189",".","206","188","155","151","110","119","111","168","67","67","70","72","64","39","35","20","7","4","32","1108","896"
"250860","LUCENA","25","PB","Nordeste","2504","Mata Paraibana","25022","JoÒo Pessoa","11730","1578","10152","5832","429","604","1","591","536","494","479","420","354","259","625","247","194","163","121","96","59","35","17","8","1","99","843","4989","3.76","5898","443","601","3","555","528","510","507","437","341","280","592","271","201","196","106","87","69","35","25","7","4","100","735","5163"
"250870","MÃE D'ÁGUA","25","PB","Nordeste","2501","SertÒo Paraibano","25004","Patos","4019","2450","1569","1964","142","191",".","172","162","172","153","120","120","108","196","76","88","63","56","47","33","18","14","7","3","23","1211","753","3.39","2055","138","195",".","179","194","161","135","142","118","104","174","113","90","75","72","46","26","29","27","10","1","26","1239","816"
"250880","MALTA","25","PB","Nordeste","2501","SertÒo Paraibano","25003","Sousa","5613","708","4905","2703","170","275",".","252","251","195","193","191","144","150","246","129","95","88","83","83","39","36","22","11","2","48","377","2326","3.4","2910","175","259",".","245","222","219","193","187","180","182","263","135","132","127","85","97","70","58","25","18","4","34","331","2579"
"250890","MAMANGUAPE","25","PB","Nordeste","2504","Mata Paraibana","25020","Litoral Norte","42303","8069","34234","20790","1536","2170","4","2187","1928","1852","1575","1450","1317","1076","1941","890","666","560","445","352","214","153","77","29","11","357","4170","16620","3.65","21513","1525","2162","4","2075","1951","1825","1638","1508","1359","1129","1896","862","823","705","526","461","290","226","137","58","16","337","3899","17614"
"250900","MANAÍRA","25","PB","Nordeste","2501","SertÒo Paraibano","25007","Serra do Teixeira","10759","4732","6027","5400","405","574","1","604","610","435","362","311","296","252","526","171","171","169","142","109","55","49","32","17","3","106","2445","2955","3.67","5359","403","522",".","565","500","401","365","304","315","272","506","198","222","210","170","150","69","46","30","19","4","88","2287","3072"
"250905","MARCAÇÃO","25","PB","Nordeste","2504","Mata Paraibana","25020","Litoral Norte","7609","4760","2849","3894","325","418",".","441","402","329","279","232","225","175","423","120","115","100","79","58","39","28","19","4",".","83","2477","1417","3.72","3715","305","402",".","420","367","297","251","252","192","171","396","120","121","95","77","67","55","31","11","4","3","78","2283","1432"
"250910","MARI","25","PB","Nordeste","2504","Mata Paraibana","25021","SapÚ","21176","3721","17455","10367","667","997","1","997","921","833","808","683","623","551","931","414","400","386","301","234","198","120","82","38","8","174","1898","8469","3.34","10809","642","1019","3","949","912","807","823","737","706","572","835","463","436","464","389","326","234","176","97","45","10","164","1823","8986"
"250915","MARIZÓPOLIS","25","PB","Nordeste","2501","SertÒo Paraibano","25003","Sousa","6173","816","5357","3016","183","289","2","285","257","244","250","199","189","181","276","129","136","99","80","69","34","34","17","11","4","48","431","2585","3.52","3157","228","250",".","259","273","244","252","221","199","184","254","152","144","119","93","88","70","37","20","13","8","49","385","2772"
"250920","MASSARANDUBA","25","PB","Nordeste","2503","Agreste Paraibano","25017","Campina Grande","12902","8418","4484","6245","390","683","1","682","506","459","413","416","420","290","603","278","205","211","193","135","100","64","60","22","3","111","4178","2067","3.42","6657","351","650","3","680","541","490","475","510","370","336","621","260","243","269","217","187","145","106","68","34","12","89","4240","2417"
"250930","MATARACA","25","PB","Nordeste","2504","Mata Paraibana","25020","Litoral Norte","7407","859","6548","3690","281","442",".","376","363","336","275","262","209","162","375","133","111","101","63","53","29","30","14","6","2","67","450","3240","3.76","3717","327","426",".","396","362","314","280","242","198","181","358","135","103","109","73","49","31","19","22","4","4","84","409","3308"
"250933","MATINHAS","25","PB","Nordeste","2503","Agreste Paraibano","25015","Brejo Paraibano","4321","3639","682","2151","153","245",".","228","199","162","133","145","124","125","188","78","81","68","47","58","24","26","17","5","1","44","1818","333","3.8","2170","146","243",".","225","178","173","132","133","127","115","195","96","66","84","61","58","46","27","19","8",".","38","1821","349"
"250937","MATO GROSSO","25","PB","Nordeste","2501","SertÒo Paraibano","25001","CatolÚ do Rocha","2702","1501","1201","1349","89","133","2","144","120","123","86","81","61","97","112","61","58","40","35","35","14","19","6","9","4","20","752","597","3.75","1353","84","122","2","138","115","98","97","96","85","95","108","67","57","44","38","31","15","18","9","9","2","23","749","604"
"250939","MATURÉIA","25","PB","Nordeste","2501","SertÒo Paraibano","25007","Serra do Teixeira","5939","2082","3857","2900","210","325","1","333","271","249","195","180","161","133","301","97","81","90","86","63","39","19","15","6","2","43","1039","1861","3.54","3039","200","325","1","305","289","236","203","223","178","166","277","102","101","107","95","75","42","36","20","7","5","46","1043","1996"
"250940","MOGEIRO","25","PB","Nordeste","2503","Agreste Paraibano","25018","Itabaiana","12491","6908","5583","6078","389","673","1","687","560","478","431","362","357","293","568","250","197","214","175","128","72","68","56","20","6","93","3489","2589","3.45","6413","407","677","1","689","580","504","466","372","392","315","582","268","230","205","212","147","117","94","56","11","4","84","3419","2994"
"250950","MONTADAS","25","PB","Nordeste","2503","Agreste Paraibano","25014","Esperanþa","4990","1834","3156","2482","156","252",".","228","209","212","182","163","156","105","257","91","93","92","78","69","49","28","12","9","2","39","954","1528","3.44","2508","176","225",".","215","232","197","171","162","156","129","205","102","110","111","95","62","48","36","16","12","4","44","880","1628"
"250960","MONTE HOREBE","25","PB","Nordeste","2501","SertÒo Paraibano","25002","Cajazeiras","4508","2007","2501","2262","151","217",".","259","219","180","180","150","126","98","216","90","66","84","60","47","31","21","16","9","1","41","1058","1204","3.44","2246","138","232",".","219","202","177","154","149","129","107","192","83","109","93","68","63","33","30","18","15",".","35","949","1297"
"250970","MONTEIRO","25","PB","Nordeste","2502","Borborema","25010","Cariri Ocidental","30852","10591","20261","14985","932","1456","1","1386","1265","1195","1109","1023","1033","903","1280","651","569","518","422","397","245","208","121","31","13","227","5421","9564","3.15","15867","914","1443","5","1397","1327","1261","1184","1070","1052","918","1210","764","682","613","536","495","316","266","142","51","16","205","5170","10697"
"250980","MULUNGU","25","PB","Nordeste","2503","Agreste Paraibano","25016","Guarabira","9469","4933","4536","4630","279","424",".","443","432","384","384","321","299","237","436","181","171","163","118","111","75","41","48","11","6","66","2493","2137","3.44","4839","300","461","2","430","435","380","375","310","284","246","418","204","182","181","176","150","101","63","44","19","8","70","2440","2399"
"250990","NATUBA","25","PB","Nordeste","2503","Agreste Paraibano","25019","Umbuzeiro","10566","6932","3634","5217","381","581","6","609","463","402","350","313","279","242","513","186","184","183","115","126","72","57","41","19","11","84","3506","1711","3.71","5349","339","603","2","612","452","392","371","309","255","253","482","246","231","187","138","148","97","72","32","24","15","89","3426","1923"
"251000","NAZAREZINHO","25","PB","Nordeste","2501","SertÒo Paraibano","25003","Sousa","7280","4096","3184","3631","222","318",".","309","301","326","307","230","206","202","338","155","171","146","120","96","40","54","28","9","6","47","2112","1519","3.45","3649","217","333","2","324","282","291","274","236","238","181","308","192","179","154","117","86","79","63","24","15","4","50","1984","1665"
"251010","NOVA FLORESTA","25","PB","Nordeste","2503","Agreste Paraibano","25012","Curimata· Ocidental","10533","2641","7892","5121","333","552",".","497","481","406","350","322","293","260","468","196","141","183","144","145","117","74","40","14","7","98","1329","3792","3.32","5412","311","518","2","530","471","396","386","354","362","292","445","204","218","215","187","177","94","93","48","30","6","73","1312","4100"
"251020","NOVA OLINDA","25","PB","Nordeste","2501","SertÒo Paraibano","25005","Pianc¾","6070","2843","3227","3019","182","359",".","367","283","226","207","196","153","160","284","107","133","84","72","47","40","15","20","5","3","76","1452","1567","3.6","3051","185","317","1","326","277","235","218","194","171","155","274","142","142","100","99","71","45","35","17","8","2","37","1391","1660"
"251030","NOVA PALMEIRA","25","PB","Nordeste","2502","Borborema","25009","Serid¾ Oriental Paraibano","4361","1809","2552","2163","114","193",".","198","201","172","204","140","149","131","168","76","97","86","64","58","39","26","22","5","1","19","971","1192","3.32","2198","145","214",".","151","194","186","168","131","146","133","181","97","98","84","76","57","40","30","23","9","5","30","838","1360"
"251040","OLHO D'ÁGUA","25","PB","Nordeste","2501","SertÒo Paraibano","25005","Pianc¾","6931","3063","3868","3352","202","355",".","368","309","272","254","202","197","171","296","152","162","96","104","62","44","35","10","11","3","47","1535","1817","3.7","3579","210","362",".","354","343","286","220","234","216","192","323","179","165","143","111","75","40","44","16","6","2","58","1528","2051"
"251050","OLIVEDOS","25","PB","Nordeste","2503","Agreste Paraibano","25012","Curimata· Ocidental","3627","1725","1902","1853","112","188",".","194","143","139","145","135","120","112","157","80","63","60","45","53","49","13","20","6",".","19","918","935","3.42","1774","107","150",".","136","169","165","131","122","125","90","144","82","55","76","52","56","38","23","28","2","4","19","807","967"
"251060","OURO VELHO","25","PB","Nordeste","2502","Borborema","25010","Cariri Ocidental","2928","881","2047","1470","88","128",".","149","121","109","114","75","118","82","111","91","62","57","39","43","26","19","12","4","2","20","469","1001","3.11","1458","74","123",".","117","134","103","95","100","96","108","123","75","66","58","43","49","31","24","13","3","1","22","412","1046"
"251065","PARARI","25","PB","Nordeste","2502","Borborema","25010","Cariri Ocidental","1256","557","699","621","35","61","1","57","50","48","42","32","34","43","54","33","38","24","12","15","14","7","4","7","1","9","275","346","3.12","635","43","49",".","58","43","51","37","43","39","43","56","36","25","34","19","14","14","16","7","2","2","4","282","353"
"251070","PASSAGEM","25","PB","Nordeste","2501","SertÒo Paraibano","25004","Patos","2233","1124","1109","1107","80","90",".","117","103","97","76","81","58","73","95","59","27","42","29","22","20","9","5","8",".","16","561","546","3.31","1126","79","99",".","89","109","93","89","66","57","58","96","54","59","39","30","34","14","21","15","6",".","19","563","563"
"251080","PATOS","25","PB","Nordeste","2501","SertÒo Paraibano","25004","Patos","100674","3396","97278","47805","3214","4487","3","4421","4729","4525","4033","3454","3035","2711","4222","1962","1661","1343","1030","862","553","425","244","109","22","760","1810","45995","3.47","52869","3027","4556","3","4474","4848","4858","4516","3831","3530","3235","4107","2427","2120","1826","1500","1219","762","666","395","144","71","754","1586","51283"
"251090","PAULISTA","25","PB","Nordeste","2501","SertÒo Paraibano","25003","Sousa","11788","6068","5720","5829","336","532",".","570","539","493","443","431","328","379","466","270","241","213","150","158","72","76","36","17","3","76","3120","2709","3.55","5959","330","496",".","573","510","498","460","408","393","368","443","312","290","255","133","186","76","78","40","18","4","88","2948","3011"
"251100","PEDRA BRANCA","25","PB","Nordeste","2501","SertÒo Paraibano","25006","Itaporanga","3721","1356","2365","1847","103","194",".","213","176","151","128","108","101","92","189","72","78","56","44","40","27","22","13","6","1","33","695","1152","3.74","1874","105","191",".","170","175","150","142","132","111","96","166","105","78","61","51","48","25","19","9","6","2","32","661","1213"
"251110","PEDRA LAVRADA","25","PB","Nordeste","2502","Borborema","25009","Serid¾ Oriental Paraibano","7475","4400","3075","3734","223","334",".","344","369","297","273","219","228","216","317","167","128","165","128","101","59","47","23","15","7","74","2261","1473","3.32","3741","225","339",".","319","367","329","267","240","204","224","323","181","140","154","106","96","63","57","43","14","1","49","2139","1602"
"251120","PEDRAS DE FOGO","25","PB","Nordeste","2504","Mata Paraibana","25023","Litoral Sul","27032","10674","16358","13467","904","1478","1","1306","1282","1253","1114","943","801","663","1218","477","470","385","296","251","177","131","72","21","8","216","5499","7968","3.65","13565","881","1364","2","1349","1241","1272","1131","899","806","648","1153","538","526","423","325","302","194","144","74","42","15","236","5175","8390"
"251130","PIANCÓ","25","PB","Nordeste","2501","SertÒo Paraibano","25005","Pianc¾","15465","4187","11278","7388","460","636","1","758","655","589","602","530","472","438","590","320","309","285","215","152","101","85","46","27","13","104","2149","5239","3.33","8077","430","703","1","700","685","676","619","585","506","491","633","418","367","323","270","255","146","90","46","28","10","95","2038","6039"
"251140","PICUÍ","25","PB","Nordeste","2502","Borborema","25009","Serid¾ Oriental Paraibano","18222","6102","12120","8953","558","907","2","881","797","738","617","544","598","482","860","378","315","327","247","215","159","105","62","32","8","121","3194","5759","3.35","9269","547","957","4","772","821","699","662","623","607","523","782","420","348","366","282","241","145","177","94","48","12","139","2908","6361"
"251150","PILAR","25","PB","Nordeste","2504","Mata Paraibana","25021","SapÚ","11191","3518","7673","5499","375","573","1","561","512","451","445","397","378","233","487","207","197","166","148","105","70","60","33","17","2","81","1757","3742","3.52","5692","357","627","1","536","472","467","482","407","347","271","478","243","189","214","155","130","95","65","51","22","9","74","1761","3931"
"251160","PILÕES","25","PB","Nordeste","2503","Agreste Paraibano","25015","Brejo Paraibano","6978","3646","3332","3517","270","408",".","358","364","300","266","220","182","152","331","125","97","100","77","72","56","41","17","9","2","70","1885","1632","4.04","3461","268","359","1","356","341","276","244","198","200","144","320","158","124","113","74","83","61","32","25","23","8","53","1761","1700"
"251170","PILÕEZINHOS","25","PB","Nordeste","2503","Agreste Paraibano","25016","Guarabira","5155","2408","2747","2543","170","262",".","285","225","237","180","124","144","123","248","121","98","84","64","43","33","28","17","14","2","41","1223","1320","3.6","2612","161","272",".","287","231","215","166","156","130","133","220","121","123","92","68","71","61","32","17","10","6","40","1185","1427"
"251180","PIRPIRITUBA","25","PB","Nordeste","2503","Agreste Paraibano","25016","Guarabira","10326","2432","7894","5114","385","516","1","563","478","403","366","319","307","271","429","224","186","165","145","99","84","51","32","16","5","69","1295","3819","3.51","5212","309","540","2","494","451","410","400","322","311","279","403","226","215","183","157","155","110","89","51","24","8","73","1137","4075"
"251190","PITIMBU","25","PB","Nordeste","2504","Mata Paraibana","25023","Litoral Sul","17024","6640","10384","8609","704","934","1","819","768","778","733","643","516","402","910","322","289","200","164","109","69","29","26","6","1","186","3450","5159","3.59","8415","668","893","2","797","754","758","724","564","469","452","908","307","272","237","143","144","71","50","24","16","4","158","3190","5225"
"251200","POCINHOS","25","PB","Nordeste","2503","Agreste Paraibano","25012","Curimata· Ocidental","17032","7414","9618","8490","676","838","1","825","773","706","591","571","478","405","797","339","273","285","220","209","124","106","71","24","10","168","3779","4711","3.56","8542","611","788","3","739","746","657","669","572","491","449","796","349","327","342","239","240","161","111","68","33","10","141","3635","4907"
"251203","POÇO DANTAS","25","PB","Nordeste","2501","SertÒo Paraibano","25002","Cajazeiras","3751","2774","977","1905","141","208",".","231","201","153","119","122","106","93","181","70","50","53","45","47","22","14","7","3","1","38","1408","497","3.78","1846","139","182","1","183","164","163","134","103","121","92","174","77","66","53","58","49","29","11","10","4","3","30","1366","480"
"251207","POÇO DE JOSÉ DE MOURA","25","PB","Nordeste","2501","SertÒo Paraibano","25002","Cajazeiras","3978","2553","1425","1933","118","192","1","162","142","139","123","137","117","114","171","96","96","85","57","76","31","29","12","7","2","26","1286","647","3.35","2045","104","171",".","184","163","145","166","137","115","124","153","111","101","97","82","68","42","35","23","6","1","17","1267","778"
"251210","POMBAL","25","PB","Nordeste","2501","SertÒo Paraibano","25003","Sousa","32110","6357","25753","15381","902","1365","1","1473","1397","1284","1176","1081","961","965","1208","708","623","575","440","382","262","210","101","42","12","213","3324","12057","3.45","16729","863","1307","4","1332","1475","1392","1278","1166","1151","1034","1219","839","787","747","555","564","300","266","150","54","29","217","3033","13696"
"251220","PRATA","25","PB","Nordeste","2502","Borborema","25010","Cariri Ocidental","3854","1410","2444","1926","130","164",".","186","173","129","153","122","123","119","174","83","81","71","49","53","31","34","14","3","3","31","735","1191","3.33","1928","123","151","1","155","182","154","123","123","125","107","151","91","74","84","63","66","56","34","16","12","2","35","675","1253"
"251230","PRINCESA ISABEL","25","PB","Nordeste","2501","SertÒo Paraibano","25007","Serra do Teixeira","21283","6755","14528","10448","730","1059",".","1104","1036","903","820","649","602","531","924","429","344","299","285","208","115","111","57","29","5","208","3474","6974","3.52","10835","689","1011","3","1063","1034","899","830","730","640","561","915","489","405","356","334","279","183","126","77","41","15","155","3281","7554"
"251240","PUXINANÃ","25","PB","Nordeste","2503","Agreste Paraibano","25017","Campina Grande","12923","8706","4217","6356","476","633",".","617","611","562","449","422","361","343","581","235","219","231","159","140","84","62","51","20","4","96","4361","1995","3.51","6567","435","627","1","598","608","509","513","434","391","346","554","286","268","218","199","152","120","91","59","21","12","125","4345","2222"
"251250","QUEIMADAS","25","PB","Nordeste","2503","Agreste Paraibano","25017","Campina Grande","41049","18813","22236","19936","1326","2131","2","2042","1796","1628","1429","1383","1276","1044","1831","832","654","685","512","427","245","186","147","48","7","305","9311","10625","3.42","21113","1271","2059","9","2138","1961","1671","1496","1463","1413","1128","1775","876","800","801","606","481","334","247","165","72","27","320","9502","11611"
"251260","QUIXABÁ","25","PB","Nordeste","2501","SertÒo Paraibano","25004","Patos","1699","1066","633","893","67","89",".","89","91","65","73","68","57","41","67","35","39","31","20","21","9","8","9","1","1","12","563","330","3.87","806","47","89",".","90","62","53","67","71","46","38","66","34","25","32","28","20","8","10","4",".",".","16","503","303"
"251270","REMÍGIO","25","PB","Nordeste","2503","Agreste Paraibano","25012","Curimata· Ocidental","17581","4628","12953","8379","604","828","1","850","759","616","596","520","460","423","810","325","284","323","231","240","157","80","87","27","9","149","2367","6012","3.51","9202","598","793","6","886","825","700","634","566","513","488","805","410","356","368","298","302","186","151","77","50","22","168","2261","6941"
"251272","PEDRO RÉGIS","25","PB","Nordeste","2504","Mata Paraibana","25020","Litoral Norte","5765","3617","2148","2890","202","348",".","280","222","234","184","167","168","140","288","94","107","104","102","80","58","43","17","10",".","42","1818","1072","3.34","2875","205","271","1","259","247","212","193","192","177","129","247","102","124","115","119","93","63","37","18","7","1","63","1799","1076"
"251274","RIACHÃO","25","PB","Nordeste","2503","Agreste Paraibano","25013","Curimata· Oriental","3266","1240","2026","1602","96","182",".","165","143","148","137","96","73","77","151","65","52","56","39","31","20","14","8","3","4","42","643","959","3.51","1664","110","172",".","180","147","137","114","107","92","66","147","64","58","62","46","45","38","22","14","12","3","28","597","1067"
"251275","RIACHÃO DO BACAMARTE","25","PB","Nordeste","2503","Agreste Paraibano","25018","Itabaiana","4264","1601","2663","2082","129","213",".","219","184","177","135","144","115","116","197","92","68","84","58","49","22","27","15","4","4","30","779","1303","3.33","2182","133","211",".","216","174","157","152","150","132","113","213","77","92","84","77","71","34","32","25","11","4","24","822","1360"
"251276","RIACHÃO DO POÇO","25","PB","Nordeste","2504","Mata Paraibana","25021","SapÚ","4164","2877","1287","2086","129","208",".","189","192","181","156","131","118","99","219","88","89","75","66","51","25","18","14","5",".","33","1457","629","3.55","2078","125","187","4","183","171","183","186","145","121","98","212","91","74","73","74","49","31","24","13","3","1","30","1420","658"
"251278","RIACHO DE SANTO ANTÔNIO","25","PB","Nordeste","2502","Borborema","25011","Cariri Oriental","1722","536","1186","871","62","84",".","84","84","85","59","64","40","46","86","38","36","25","25","14","10","9","3","4",".","13","284","587","3.59","851","69","98",".","89","69","66","64","59","54","52","64","27","31","20","21","24","12","10","5","2","3","12","252","599"
"251280","RIACHO DOS CAVALOS","25","PB","Nordeste","2501","SertÒo Paraibano","25001","CatolÚ do Rocha","8314","4289","4025","4242","251","372",".","434","430","371","345","299","261","228","351","183","193","138","85","101","44","42","23","17","1","73","2224","2018","3.73","4072","244","361",".","426","376","366","265","266","240","259","335","205","168","151","119","98","53","40","21","16","5","58","2065","2007"
"251290","RIO TINTO","25","PB","Nordeste","2504","Mata Paraibana","25020","Litoral Norte","22976","9919","13057","11310","707","1097",".","1139","1041","986","850","817","690","682","957","525","429","375","251","234","160","102","53","32","6","177","5070","6240","3.46","11666","688","1034",".","1085","1014","960","873","797","721","669","920","544","513","428","341","331","211","187","108","45","19","178","4849","6817"
"251300","SALGADINHO","25","PB","Nordeste","2502","Borborema","25008","Serid¾ Ocidental Paraibano","3508","2305","1203","1782","137","188",".","153","172","153","131","120","106","91","172","74","60","48","45","39","22","23","7","4","2","35","1202","580","3.66","1726","123","181","1","170","132","135","137","103","92","70","172","80","59","60","54","46","29","22","16","11","1","32","1103","623"
"251310","SALGADO DE SÃO FÉLIX","25","PB","Nordeste","2503","Agreste Paraibano","25018","Itabaiana","11976","6726","5250","5836","359","585","3","620","443","401","407","347","322","287","532","287","247","227","200","186","125","83","53","26","11","85","3342","2494","3.37","6140","375","582","5","576","483","422","383","356","373","332","496","337","274","266","225","211","171","88","74","32","11","68","3384","2756"
"251315","SANTA CECÍLIA","25","PB","Nordeste","2503","Agreste Paraibano","25019","Umbuzeiro","6658","4790","1868","3409","253","418","1","383","287","248","239","203","172","163","321","131","112","110","110","68","49","46","21","18","3","53","2480","929","3.67","3249","194","388","1","364","276","217","226","187","181","154","313","139","129","112","94","77","51","52","23","11","4","56","2310","939"
"251320","SANTA CRUZ","25","PB","Nordeste","2501","SertÒo Paraibano","25003","Sousa","6471","3483","2988","3283","193","265","1","258","250","249","241","229","184","213","227","172","162","132","123","124","69","57","54","21","8","51","1806","1477","3.4","3188","172","222","2","240","237","255","225","207","192","219","200","194","173","171","137","117","80","50","38","17","5","35","1677","1511"
"251330","SANTA HELENA","25","PB","Nordeste","2501","SertÒo Paraibano","25002","Cajazeiras","5369","2667","2702","2626","160","222",".","262","202","190","153","176","174","148","223","128","129","122","97","90","56","38","22","5","2","27","1361","1265","3.22","2743","132","265","2","226","210","201","195","171","163","165","189","150","162","130","117","99","59","40","21","6","3","37","1306","1437"
"251335","SANTA INÊS","25","PB","Nordeste","2501","SertÒo Paraibano","25006","Itaporanga","3539","2109","1430","1823","111","161",".","219","197","144","139","126","105","92","176","103","50","50","51","39","18","11","5","5","1","20","1120","703","3.81","1716","133","186",".","176","173","130","122","110","107","83","155","70","57","57","48","31","25","11","8","6",".","28","989","727"
"251340","SANTA LUZIA","25","PB","Nordeste","2502","Borborema","25008","Serid¾ Ocidental Paraibano","14719","1240","13479","7138","438","638",".","677","590","621","557","497","447","417","634","306","279","274","202","167","124","107","45","25","8","85","687","6451","3.37","7581","408","629","1","642","647","611","591","497","509","417","602","384","328","314","243","236","168","140","71","27","14","102","553","7028"
"251350","SANTANA DE MANGUEIRA","25","PB","Nordeste","2501","SertÒo Paraibano","25006","Itaporanga","5331","3100","2231","2697","172","288","1","271","257","221","216","165","146","140","272","108","99","101","74","51","29","15","13","5","8","45","1607","1090","3.77","2634","165","257","1","297","244","214","202","156","142","131","228","129","113","102","78","60","29","18","14","10","1","43","1493","1141"
"251360","SANTANA DOS GARROTES","25","PB","Nordeste","2501","SertÒo Paraibano","25005","Pianc¾","7266","3530","3736","3512","223","356",".","388","309","237","215","230","208","208","299","174","156","141","105","87","51","53","28","3","1","40","1803","1709","3.62","3754","202","350",".","344","309","291","276","225","230","220","261","199","203","158","149","109","78","55","34","7","4","50","1727","2027"
"251365","SANTARÉM","25","PB","Nordeste","2501","SertÒo Paraibano","25002","Cajazeiras","2615","1775","840","1268","68","127","1","112","112","109","98","73","58","84","103","61","69","44","41","35","22","12","12","3","1","23","854","414","3.47","1347","76","104",".","136","123","114","97","86","87","80","112","69","65","52","39","37","23","16","4","11",".","16","921","426"
"251370","SANTA RITA","25","PB","Nordeste","2504","Mata Paraibana","25022","JoÒo Pessoa","120310","16593","103717","58119","3949","5929","10","5479","5338","5247","5027","4382","3947","3056","5359","2571","1937","1606","1190","896","515","381","199","89","20","992","8416","49703","3.57","62191","3872","5960","22","5623","5501","5506","5424","4657","4212","3515","5120","2767","2303","1979","1570","1258","842","596","321","142","39","962","8177","54014"
"251380","SANTA TERESINHA","25","PB","Nordeste","2501","SertÒo Paraibano","25004","Patos","4581","2373","2208","2276","111","260","1","204","180","140","157","158","182","141","212","94","95","96","65","50","35","34","13","5","4","39","1222","1054","3.62","2305","128","220",".","208","174","193","189","176","144","122","192","104","95","89","71","79","41","34","14","6",".","26","1151","1154"
"251385","SANTO ANDRÉ","25","PB","Nordeste","2502","Borborema","25011","Cariri Oriental","2638","1773","865","1337","73","104",".","132","96","113","85","95","86","97","103","64","68","64","37","31","20","23","16","4","3","23","928","409","3.31","1301","65","97",".","122","103","90","89","89","96","86","82","63","69","58","50","43","37","24","11","6","4","17","845","456"
"251390","SÃO BENTO","25","PB","Nordeste","2501","SertÒo Paraibano","25001","CatolÚ do Rocha","30879","5839","25040","15220","1074","1518",".","1518","1572","1425","1368","1046","960","846","1323","572","484","411","300","228","136","114","47","25","6","247","3024","12196","3.65","15659","911","1403","2","1427","1514","1476","1437","1160","1032","926","1297","676","558","523","373","298","148","136","70","32","6","254","2815","12844"
"251392","SÃO BENTINHO","25","PB","Nordeste","2501","SertÒo Paraibano","25003","Sousa","4138","1293","2845","2015","137","169","1","177","170","173","163","129","113","117","166","82","94","76","59","63","35","33","18","5","4","31","659","1356","3.45","2123","134","175",".","202","177","173","145","122","126","114","189","92","112","94","76","67","41","33","14","12","4","21","634","1489"
"251394","SÃO DOMINGOS DO CARIRI","25","PB","Nordeste","2502","Borborema","25011","Cariri Oriental","2420","1386","1034","1212","71","109",".","113","84","93","91","77","75","87","106","47","46","57","39","30","28","28","14","1","3","13","719","493","3.38","1208","69","109","1","125","98","101","75","77","76","65","96","60","45","50","37","44","26","22","9","3","4","16","667","541"
"251396","SÃO DOMINGOS","25","PB","Nordeste","2501","SertÒo Paraibano","25003","Sousa","2855","1861","994","1412","82","114",".","130","120","124","105","83","98","88","121","56","64","58","50","49","22","18","15","4","2","9","922","490","3.44","1443","76","123",".","121","112","127","104","97","84","75","104","70","69","76","60","54","24","23","17","8","3","16","939","504"
"251398","SÃO FRANCISCO","25","PB","Nordeste","2501","SertÒo Paraibano","25003","Sousa","3364","2001","1363","1660","81","129","2","143","123","123","119","126","109","99","127","110","70","76","53","57","43","32","13","4","1","20","1000","660","3.34","1704","92","121","1","130","131","125","121","116","102","109","128","109","91","76","62","75","38","31","22","8","1","15","1001","703"
"251400","SÃO JOÃO DO CARIRI","25","PB","Nordeste","2502","Borborema","25011","Cariri Oriental","4344","1997","2347","2120","90","198","1","214","182","153","139","149","154","134","183","110","79","91","59","50","38","25","27","13","3","28","1011","1109","3.3","2224","138","176","1","194","158","162","173","160","128","129","159","115","102","108","75","76","54","42","21","11","7","35","986","1238"
"251410","SÃO JOÃO DO TIGRE","25","PB","Nordeste","2502","Borborema","25010","Cariri Ocidental","4396","2867","1529","2247","161","253",".","177","183","152","153","132","155","105","227","126","77","80","88","64","33","25","12","7","3","34","1519","728","3.04","2149","156","229",".","203","154","139","138","134","155","115","184","108","99","83","69","51","44","27","17","8","3","33","1348","801"
"251420","SÃO JOSÉ DA LAGOA TAPADA","25","PB","Nordeste","2501","SertÒo Paraibano","25003","Sousa","7564","4249","3315","3680","259","296",".","331","314","274","298","242","214","221","313","166","173","148","101","106","59","50","35","19","6","55","2108","1572","3.4","3884","230","323","1","343","321","299","246","242","221","226","334","225","212","177","124","110","90","45","35","19","5","56","2141","1743"
"251430","SÃO JOSÉ DE CAIANA","25","PB","Nordeste","2501","SertÒo Paraibano","25006","Itaporanga","6010","3281","2729","3052","195","351","1","351","327","257","245","160","159","120","316","114","114","105","78","50","21","14","5","8","8","53","1701","1351","4.09","2958","222","348","1","345","297","207","234","172","148","122","285","110","125","100","53","62","26","29","8","10","2","52","1580","1378"
"251440","SÃO JOSÉ DE ESPINHARAS","25","PB","Nordeste","2501","SertÒo Paraibano","25004","Patos","4760","3143","1617","2501","159","222","1","258","219","208","178","139","136","151","213","120","95","105","90","77","37","25","17","9","2","40","1699","802","3.64","2259","150","197",".","198","193","192","158","149","113","131","194","112","106","104","82","50","42","31","16","8","1","32","1444","815"
"251445","SÃO JOSÉ DOS RAMOS","25","PB","Nordeste","2504","Mata Paraibana","25021","SapÚ","5508","3135","2373","2759","204","320","2","273","252","226","194","174","181","129","248","112","93","74","52","73","47","25","19","9","2","50","1602","1157","3.6","2749","180","292","3","296","226","219","230","178","155","122","238","111","100","100","82","65","40","45","23","9","6","29","1533","1216"
"251450","SÃO JOSÉ DE PIRANHAS","25","PB","Nordeste","2501","SertÒo Paraibano","25002","Cajazeiras","19096","8301","10795","9529","546","957",".","928","922","832","703","638","578","483","807","404","365","357","270","247","139","120","61","33","5","134","4312","5217","3.55","9567","609","870","2","910","922","785","679","581","568","524","818","426","403","375","314","282","157","104","60","33","9","136","3989","5578"
"251455","SÃO JOSÉ DE PRINCESA","25","PB","Nordeste","2501","SertÒo Paraibano","25007","Serra do Teixeira","4219","3524","695","2139","121","225",".","264","175","165","163","126","128","103","204","86","75","96","64","46","27","17","8","4","2","40","1810","329","3.82","2080","118","224",".","234","183","156","151","130","111","97","174","80","97","91","69","52","36","20","15","10","3","29","1714","366"
"251460","SÃO JOSÉ DO BONFIM","25","PB","Nordeste","2501","SertÒo Paraibano","25004","Patos","3233","1872","1361","1626","104","146",".","172","138","125","128","120","101","84","170","70","65","56","45","31","26","16","3","1","2","23","980","646","3.67","1607","105","147",".","146","138","138","116","126","95","82","137","90","56","57","46","45","27","19","10","2","2","23","892","715"
"251465","SÃO JOSÉ DO BREJO DO CRUZ","25","PB","Nordeste","2501","SertÒo Paraibano","25001","CatolÚ do Rocha","1684","726","958","849","58","83",".","68","90","75","68","62","51","48","71","33","36","25","27","19","6","8","7","3",".","11","375","474","3.97","835","42","87","1","74","76","68","73","55","46","44","85","29","35","30","23","25","11","5","2","2",".","22","351","484"
"251470","SÃO JOSÉ DO SABUGI","25","PB","Nordeste","2502","Borborema","25008","Serid¾ Ocidental Paraibano","4010","1431","2579","2042","119","187",".","194","197","164","184","138","125","119","139","105","77","83","59","51","26","27","10","6","3","29","773","1269","3.52","1968","103","179",".","164","166","165","137","146","126","126","173","105","81","80","58","48","35","30","14","7","4","21","658","1310"
"251480","SÃO JOSÉ DOS CORDEIROS","25","PB","Nordeste","2502","Borborema","25010","Cariri Ocidental","3985","2342","1643","1982","124","177","1","176","143","145","127","126","122","117","197","106","97","73","72","53","38","28","26","8",".","26","1216","766","3.16","2003","132","189",".","147","148","162","126","136","122","116","168","90","96","83","72","78","37","35","23","13","4","26","1126","877"
"251490","SÃO MAMEDE","25","PB","Nordeste","2502","Borborema","25008","Serid¾ Ocidental Paraibano","7748","1819","5929","3837","254","323","3","258","310","282","274","246","260","240","339","202","178","173","137","98","73","68","52","8","8","51","1000","2837","3.3","3911","197","298","2","287","323","316","268","269","249","239","308","200","199","206","142","140","91","64","38","14","3","58","819","3092"
"251500","SÃO MIGUEL DE TAIPU","25","PB","Nordeste","2504","Mata Paraibana","25021","SapÚ","6696","3719","2977","3341","240","349","3","330","338","292","272","192","201","152","324","139","115","91","83","75","27","24","15","17","5","57","1910","1431","3.76","3355","244","361","3","342","288","276","246","200","210","154","338","132","112","99","88","80","47","39","16","12","4","64","1809","1546"
"251510","SÃO SEBASTIÃO DE LAGOA DE ROÇA","25","PB","Nordeste","2503","Agreste Paraibano","25014","Esperanþa","11041","6382","4659","5423","347","529",".","519","429","451","368","383","349","277","527","269","180","215","141","130","82","70","37","20","5","95","3246","2177","3.53","5618","341","527",".","521","464","473","416","358","378","299","493","250","191","248","164","167","123","65","43","20","5","72","3136","2482"
"251520","SÃO SEBASTIÃO DO UMBUZEIRO","25","PB","Nordeste","2502","Borborema","25010","Cariri Ocidental","3235","1138","2097","1616","108","155",".","145","173","114","96","101","105","96","153","56","77","63","46","50","37","3","11","5","1","21","611","1005","3.09","1619","111","152",".","148","119","126","111","107","104","93","119","75","72","60","64","57","39","22","14","2",".","24","527","1092"
"251530","SAPÉ","25","PB","Nordeste","2504","Mata Paraibana","25021","SapÚ","50143","12002","38141","24653","1555","2507","7","2459","2190","2077","1946","1599","1544","1299","2273","1112","897","841","647","520","335","239","152","50","17","387","6238","18415","3.56","25490","1533","2369","9","2406","2213","2186","2006","1707","1636","1331","2175","1094","1056","929","774","646","443","355","137","79","29","377","5764","19726"
"251540","SERIDÓ","25","PB","Nordeste","2502","Borborema","25009","Serid¾ Oriental Paraibano","10230","5633","4597","5261","328","595",".","597","561","431","407","297","272","240","552","196","150","162","117","117","45","54","29","12","3","96","2996","2265","3.89","4969","370","544",".","561","513","401","334","302","260","221","485","179","171","148","128","117","50","49","29","16","8","83","2637","2332"
"251550","SERRA BRANCA","25","PB","Nordeste","2502","Borborema","25010","Cariri Ocidental","12973","4555","8418","6334","384","526","1","548","511","485","435","418","412","408","530","289","285","242","214","204","136","125","62","24","13","82","2372","3962","3.15","6639","364","536","4","550","534","509","434","404","416","420","492","326","314","282","240","261","180","136","95","31","10","101","2183","4456"
"251560","SERRA DA RAIZ","25","PB","Nordeste","2503","Agreste Paraibano","25016","Guarabira","3204","1069","2135","1595","94","173",".","167","136","148","120","111","68","72","136","69","54","52","45","51","27","25","8","7","1","31","525","1070","3.57","1609","90","156",".","140","145","106","94","115","103","83","153","67","71","61","52","52","30","37","14","10","1","29","544","1065"
"251570","SERRA GRANDE","25","PB","Nordeste","2501","SertÒo Paraibano","25006","Itaporanga","2975","1199","1776","1502","90","148","1","190","153","124","97","87","90","85","123","56","45","53","39","34","23","13","13","5","5","28","635","867","3.46","1473","94","158",".","151","140","124","94","84","73","92","113","67","74","46","47","36","18","21","9","5","3","24","564","909"
"251580","SERRA REDONDA","25","PB","Nordeste","2503","Agreste Paraibano","25017","Campina Grande","7050","3442","3608","3359","209","338","1","360","288","247","216","240","198","185","261","153","134","120","87","88","76","46","39","14","7","52","1695","1664","3.21","3691","210","393","2","336","290","258","213","240","232","207","302","187","154","121","132","115","95","95","48","17","13","31","1747","1944"
"251590","SERRARIA","25","PB","Nordeste","2503","Agreste Paraibano","25015","Brejo Paraibano","6238","2771","3467","3092","227","350",".","329","263","193","183","195","169","146","304","158","119","102","97","88","46","40","25","6","4","48","1431","1661","3.62","3146","223","340","1","321","232","200","211","180","175","158","293","153","117","125","128","97","49","50","31","24","7","31","1340","1806"
"251593","SERTÃOZINHO","25","PB","Nordeste","2503","Agreste Paraibano","25016","Guarabira","4395","1180","3215","2143","123","215",".","203","149","166","144","154","133","114","219","66","70","84","82","64","49","32","33","3","5","35","588","1555","3.41","2252","131","206","1","195","192","170","162","159","134","97","196","98","93","106","89","83","48","26","19","13","3","31","592","1660"
"251597","SOBRADO","25","PB","Nordeste","2504","Mata Paraibana","25021","SapÚ","7373","6490","883","3679","246","373",".","388","349","294","267","255","244","178","329","142","135","112","109","94","47","33","12","9","2","61","3271","408","3.62","3694","221","324","2","406","351","288","288","275","249","199","288","147","125","133","106","96","61","40","19","17","5","54","3219","475"
"251600","SOLÂNEA","25","PB","Nordeste","2503","Agreste Paraibano","25013","Curimata· Oriental","26693","7361","19332","12764","844","1333","2","1231","1062","986","903","785","731","709","1227","531","471","450","384","341","241","169","87","40","12","225","3662","9102","3.47","13929","856","1268","2","1224","1171","1093","1027","852","820","765","1167","669","613","557","511","443","304","203","107","73","28","176","3699","10230"
"251610","SOLEDADE","25","PB","Nordeste","2503","Agreste Paraibano","25012","Curimata· Ocidental","13739","3508","10231","6770","454","614",".","624","656","553","558","459","384","386","630","278","250","218","191","156","78","65","50","20","11","135","1814","4956","3.48","6969","445","674","3","573","614","568","569","458","433","350","604","308","290","267","230","166","125","91","57","33","11","100","1694","5275"
"251615","SOSSÊGO","25","PB","Nordeste","2503","Agreste Paraibano","25012","Curimata· Ocidental","3169","1587","1582","1581","112","174","1","157","133","120","121","98","98","72","148","78","53","63","34","29","23","16","14","8","2","27","810","771","3.44","1588","129","165","1","156","142","117","106","108","98","82","153","67","59","49","41","29","24","22","10","8","1","21","777","811"
"251620","SOUSA","25","PB","Nordeste","2501","SertÒo Paraibano","25003","Sousa","65803","13922","51881","31798","2054","2759","5","2770","2765","3049","2772","2375","2088","1871","2728","1406","1094","999","818","719","439","318","187","73","23","486","7078","24720","3.49","34005","1967","2705","2","2711","3008","3019","2887","2443","2292","2059","2553","1646","1489","1385","1047","945","552","408","281","107","39","460","6844","27161"
"251630","SUMÉ","25","PB","Nordeste","2502","Borborema","25010","Cariri Ocidental","16060","3824","12236","7927","433","691","2","728","691","659","589","558","523","465","618","368","302","350","229","205","154","130","71","34","9","118","2075","5852","3.01","8133","409","682","3","683","699","664","626","550","554","495","619","388","339","350","268","259","178","139","88","31","11","98","1749","6384"
"251640","TACIMA","25","PB","Nordeste","2503","Agreste Paraibano","25013","Curimata· Oriental","10262","5894","4368","5162","322","525",".","526","516","453","422","357","322","270","400","164","177","174","142","134","76","57","30","20","3","72","2961","2201","3.97","5100","290","451","4","459","461","446","456","332","325","266","369","195","188","191","188","156","104","70","49","19","9","72","2933","2167"
"251650","TAPEROÁ","25","PB","Nordeste","2502","Borborema","25010","Cariri Ocidental","14936","5997","8939","7346","522","752","1","760","709","569","506","439","417","369","673","287","279","270","223","158","112","101","50","28","7","114","3149","4197","3.51","7590","430","715","4","718","644","606","528","435","460","398","669","342","333","287","247","236","165","123","80","33","27","110","2848","4742"
"251660","TAVARES","25","PB","Nordeste","2501","SertÒo Paraibano","25007","Serra do Teixeira","14103","7487","6616","7034","473","728",".","768","695","541","500","439","382","368","743","255","238","220","200","148","95","75","37","11","2","116","3811","3223","3.71","7069","444","703","3","771","636","536","505","424","418","365","645","293","296","277","197","192","122","80","31","16","6","109","3676","3393"
"251670","TEIXEIRA","25","PB","Nordeste","2501","SertÒo Paraibano","25007","Serra do Teixeira","14153","4522","9631","6934","516","740",".","702","693","622","516","445","390","292","680","283","247","220","159","131","61","52","34","16","8","127","2290","4644","3.52","7219","524","672",".","668","733","577","522","446","436","358","703","295","298","251","166","168","117","76","49","33","8","119","2232","4987"
"251675","TENÓRIO","25","PB","Nordeste","2502","Borborema","25009","Serid¾ Oriental Paraibano","2813","1140","1673","1466","89","147",".","163","167","136","110","83","70","75","142","62","37","52","41","17","17","17","7","5","1","28","607","859","3.68","1347","87","134",".","154","121","117","103","92","82","56","119","66","51","42","26","30","16","15","11","10",".","15","533","814"
"251680","TRIUNFO","25","PB","Nordeste","2501","SertÒo Paraibano","25002","Cajazeiras","9220","4911","4309","4570","286","483","1","491","412","369","280","291","233","212","412","208","213","159","155","116","80","50","35","16","6","62","2473","2097","3.6","4650","283","434","1","499","420","345","291","296","259","262","345","253","213","193","159","151","90","51","35","9","6","55","2438","2212"
"251690","UIRAÚNA","25","PB","Nordeste","2501","SertÒo Paraibano","25002","Cajazeiras","14584","4235","10349","7011","440","622","4","625","671","586","512","427","438","419","521","319","307","267","246","213","117","87","70","21","16","83","2171","4840","3.42","7573","396","626","1","673","712","564","542","444","458","459","541","401","407","351","284","259","150","104","65","24","11","101","2064","5509"
"251700","UMBUZEIRO","25","PB","Nordeste","2503","Agreste Paraibano","25019","Umbuzeiro","9298","5312","3986","4509","319","504","1","538","433","340","287","269","249","191","386","184","154","169","137","111","73","66","26","10","6","56","2627","1882","3.55","4789","291","472","1","515","406","353","277","260","305","265","423","223","186","214","147","135","111","64","46","26","9","60","2685","2104"
"251710","VÁRZEA","25","PB","Nordeste","2502","Borborema","25008","Serid¾ Ocidental Paraibano","2504","669","1835","1268","68","96","1","101","131","93","99","84","70","85","102","58","57","50","42","55","29","18","7","3","4","15","392","876","3.15","1236","62","99",".","89","110","104","80","90","87","74","100","54","59","67","55","38","26","14","9","4","1","14","277","959"
"251720","VIEIRÓPOLIS","25","PB","Nordeste","2501","SertÒo Paraibano","25003","Sousa","5045","4049","996","2538","133","203",".","262","205","188","185","159","143","138","226","127","134","120","91","80","39","28","24","13","4","36","2043","495","3.56","2507","130","195",".","210","194","174","213","153","160","141","158","137","125","138","111","108","44","33","25","9","5","44","2006","501"
"251740","ZABELÊ","25","PB","Nordeste","2502","Borborema","25010","Cariri Ocidental","2075","603","1472","1051","75","99",".","95","88","89","75","64","75","62","107","42","31","44","27","22","12","15","5","3",".","21","325","726","3.08","1024","67","76",".","78","88","84","74","77","54","60","89","62","44","36","37","29","22","17","11","5",".","14","278","746"
